books_genre_id	genre_name	upper_layer_genre_id
001	本	000
001001	漫画（コミック）	001
001001001	少年	001001
001001001001	秋田書店 少年チャンピオンC	001001001
001001001002	スクウェア・エニックス ガンガンC	001001001
001001001005	講談社 アニメKC	001001001
001001001006	講談社 マガジンC	001001001
001001001008	集英社 ジャンプC	001001001
001001001009	小学館 少年サンデーC	001001001
001001001014	小学館 てんとう虫C	001001001
001001001015	ポプラ社 ブンブンC	001001001
001001001016	講談社 ボンボンC	001001001
001001001018	集英社 VジャンプC	001001001
001001001019	学習研究社 ノーラC	001001001
001001001020	徳間書店 アニメージュC	001001001
001001002	少女	001001
001001002001	秋田書店 ホラーC	001001002
001001002002	秋田書店 プリンセスC	001001002
001001002003	講談社 なかよしKC	001001002
001001002004	講談社 フレンドKC	001001002
001001002005	講談社 キスKC	001001002
001001002006	集英社 マーガレットC	001001002
001001002007	集英社 りぼんC	001001002
001001002008	小学館 フラワーC	001001002
001001002009	白泉社 花とゆめC	001001002
001001002011	集英社 クイーンズC	001001002
001001002012	新書館 WINGS C	001001002
001001002013	小学館 ちゃおC	001001002
001001002014	講談社デザートC	001001002
001001002015	角川書店 あすかC	001001002
001001002016	朝日ソノラマ 眠れぬ夜の奇妙なC	001001002
001001002017	幻冬舎 バーズコミックスガールズコレクション	001001002
001001002018	一迅社 IDコミックス	001001002
001001002019	講談社 コミックスデザート	001001002
001001002020	講談社 コミックスB	001001002
001001002022	角川書店 Asuka comics DX	001001002
001001002023	小学館 flowers comics	001001002
001001002024	一迅社 Zero-sum comics	001001002
001001002025	一迅社　百合姫コミックス	001001002
001001002026	メディアファクトリー MFCジーンS	001001002
001001003	青年	001001
001001003001	秋田書店 ヤングチャンピオンC	001001003
001001003002	秋田書店 サンデーC	001001003
001001003003	講談社 ヤングマガジンKC	001001003
001001003004	講談社モーニングKC	001001003
001001003005	集英社 ヤングジャンプC	001001003
001001003006	集英社 ビジネスジャンプC	001001003
001001003007	集英社 プレイボーイC	001001003
001001003008	小学館 ヤングサンデーC	001001003
001001003009	小学館 ビッグC	001001003
001001003010	白泉社 ジェッツC	001001003
001001003011	ぶんか社C	001001003
001001003013	角川書店 ドラゴンC	001001003
001001003014	秋田書店 チャンピオンRED C	001001003
001001003015	講談社 アフタヌーンC	001001003
001001003016	メディアファクトリー MFCフラッパーS	001001003
001001003017	少年画報社 ヤングキングC	001001003
001001003018	スクウェア・エニックス ヤングガンガンC	001001003
001001003019	スクウェア・エニックス ガンガンWING C	001001003
001001003020	幻冬舎 バーズC	001001003
001001003021	講談社 イブニングC	001001003
001001003022	新潮社 バンチC	001001003
001001003023	エンターブレイン ビームC	001001003
001001003024	徳間書店 トクマC	001001003
001001003025	日本文芸社 ニチブンC	001001003
001001003026	双葉社 アクションC	001001003
001001003027	ジャイブ CR C	001001003
001001003028	大都社 Daito C	001001003
001001003029	スクウェア・エニックス GファンタジーC	001001003
001001003030	マンガショップシリーズ	001001003
001001003031	ワニブックス ガムC	001001003
001001003032	実業之日本社 マンサンC	001001003
001001003033	FOX出版 Fox C	001001003
001001003034	蒼竜社 プラザC	001001003
001001003035	芳文社 まんがタイムC	001001003
001001003036	フロム出版 ベルC	001001003
001001003037	潮出版社 希望C	001001003
001001003038	講談社 マガジンZKC	001001003
001001003039	小学館 サンデーGX C	001001003
001001003040	少年画報社 YCC	001001003
001001003041	小学館 イッキC	001001003
001001003042	一迅社 DNAメディアコミックス	001001003
001001003043	一迅社 REXC	001001003
001001003044	竹書房 バンブーC	001001003
001001003045	ホビージャパン ホビージャパンC	001001003
001001003046	アスキーメディアワークス　電撃C	001001003
001001003047	講談社 シリウスKC	001001003
001001003048	小学館　ゲッサン少年サンデーC	001001003
001001003049	少年画報社　YKC	001001003
001001003050	スクウェア・エニックス ガンガンコミックスJOKER	001001003
001001003051	竹書房　近代麻雀C	001001003
001001003052	徳間書店　ゼノンC	001001003
001001003053	芳文社　まんがタイムKRコミックス	001001003
001001003054	メディアファクトリー MFCアライブS	001001003
001001003055	富士見書房　ドラゴンC	001001003
001001003056	バンダイビジュアル　エモーションC	001001003
001001003057	SBCｒ　フレックスコミックス	001001003
001001003058	マッグガーデン ブレイドC	001001003
001001003059	角川書店 エースC	001001003
001001004	レディース	001001
001001004001	秋田書店 秋田レディースC	001001004
001001004002	講談社 ビーラブKC	001001004
001001004003	集英社 ヤングユーC	001001004
001001004004	集英社 ユーC	001001004
001001004005	小学館 ジュディC	001001004
001001004006	小学館 フラワーC	001001004
001001004007	白泉社 レディーC	001001004
001001004008	祥伝社 フィールC	001001004
001001004009	秋田出版　恋愛max comics	001001004
001001004010	宙出版　Missy comics	001001004
001001004011	宙出版　Emerald comics	001001004
001001004012	宙出版　ミッシィコミックスパステル	001001004
001001004013	宙出版　ミッシィコミックスピンクパンチ！	001001004
001001004014	光彩書房　光彩コミックス	001001004
001001006	文庫	001001
001001006001	集英社漫画文庫	001001006
001001006002	講談社漫画文庫	001001006
001001006003	小学館文庫	001001006
001001006004	小学館コロコロ文庫	001001006
001001006005	ソノラマコミック文庫	001001006
001001006006	白泉社文庫	001001006
001001006007	潮漫画文庫	001001006
001001006008	竹書房漫画文庫	001001006
001001006009	実業之日本社漫画文庫	001001006
001001006010	その他	001001006
001001012	その他	001001
001002	語学・学習参考書	001
001002001	語学学習	001002
001002001001	日本語	001002001
001002001002	英語	001002001
001002001003	イタリア語	001002001
001002001004	フランス語	001002001
001002001005	ドイツ語	001002001
001002001006	中国語	001002001
001002001007	韓国語	001002001
001002001008	ロシア語	001002001
001002001009	その他	001002001
001002002	語学辞書	001002
001002002001	日本語辞書	001002002
001002002002	英語辞書	001002002
001002002003	イタリア語辞書	001002002
001002002004	フランス語辞書	001002002
001002002005	ドイツ語辞書	001002002
001002002006	中国語辞書	001002002
001002002007	韓国語辞書	001002002
001002002008	その他	001002002
001002003	辞典	001002
001002003001	年鑑・資料集	001002003
001002003009	その他	001002003
001002005	語学関係資格	001002
001002005001	英検	001002005
001002005002	TOEIC	001002005
001002005003	TOEFL	001002005
001002005004	漢字検定	001002005
001002006	学習参考書・問題集	001002
001002006001	小学校	001002006
001002006002	中学校	001002006
001002006003	高校・大学受験	001002006
001002006004	幼児ドリル	001002006
001002007	その他	001002
001002008	図鑑・資料集	001002
001003	絵本・児童書・図鑑	001
001003001	児童書	001003
001003001001	児童書（日本）	001003001
001003001002	児童書（外国）	001003001
001003002	児童文庫	001003
001003002001	岩波少年文庫	001003002
001003002002	青い鳥文庫	001003002
001003002003	ポプラ社文庫	001003002
001003002004	偕成社文庫	001003002
001003002005	フォア文庫	001003002
001003002006	その他	001003002
001003002007	つばさ文庫	001003002
001003002008	みらい文庫	001003002
001003003	絵本	001003
001003003001	絵本(日本）	001003003
001003003002	絵本(外国）	001003003
001003004	民話・むかし話	001003
001003005	しかけ絵本	001003
001003006	図鑑・ちしき	001003
001003007	その他	001003
001004	小説・エッセイ	001
001004001	ミステリー・サスペンス	001004
001004002	SF・ホラー	001004
001004003	エッセイ	001004
001004003001	エッセイ	001004003
001004003002	紀行・旅行エッセイ	001004003
001004004	ノンフィクション	001004
001004004001	ノンフィクション(日本）	001004004
001004004002	ノンフィクション(外国）	001004004
001004004003	文庫（ノンフィクション）	001004004
001004008	日本の小説	001004
001004008001	著者名・あ行	001004008
001004008002	著者名・か行	001004008
001004008003	著者名・さ行	001004008
001004008004	著者名・た行	001004008
001004008005	著者名・な行	001004008
001004008006	著者名・は行	001004008
001004008007	著者名・ま行	001004008
001004008008	著者名・やらわ行	001004008
001004008009	その他	001004008
001004009	外国の小説	001004
001004015	その他	001004
001004016	ロマンス	001004
001005	パソコン・システム開発	001
001005001	ハードウェア	001005
001005001001	Macintosh	001005001
001005001002	周辺機器	001005001
001005001003	デジタルカメラ	001005001
001005001004	モバイル	001005001
001005001005	CPU	001005001
001005001006	スマートフォン	001005001
001005002	入門書	001005
001005002001	インターネット入門書	001005002
001005002002	ホームページ入門書	001005002
001005002003	コンピュータ用語集	001005002
001005003	インターネット・WEBデザイン	001005
001005003001	インターネットセキュリティ	001005003
001005003002	ホームページ作成	001005003
001005003003	WEBデザイン	001005003
001005003004	CGI	001005003
001005003005	Perl	001005003
001005003006	HTML	001005003
001005003007	Java	001005003
001005003008	JavaScript	001005003
001005003009	Flash	001005003
001005003010	サーバー管理	001005003
001005003011	ブログ・SNS	001005003
001005004	ネットワーク	001005
001005004001	LAN	001005004
001005004002	パソコン通信	001005004
001005004003	TCP/IP	001005004
001005005	プログラミング	001005
001005005001	プログラミング入門	001005005
001005005002	Basic	001005005
001005005003	Visual Basic	001005005
001005005004	C・C++・C#	001005005
001005005005	JSP	001005005
001005005006	PHP	001005005
001005005007	ASP	001005005
001005005008	SQL	001005005
001005005009	Java	001005005
001005005010	Perl	001005005
001005005011	その他	001005005
001005006	アプリケーション	001005
001005006001	一太郎	001005006
001005006002	WORD	001005006
001005006003	EXCEL	001005006
001005006004	Lotus1-2-3	001005006
001005006005	Internet Explorer	001005006
001005006006	Netscape	001005006
001005006007	FileMaker	001005006
001005006008	dBASE	001005006
001005006009	Microsoft Access	001005006
001005006010	Oracle	001005006
001005006011	SQL	001005006
001005006012	Photoshop	001005006
001005006013	Illustrator	001005006
001005006014	Dreamweaver	001005006
001005006016	Fireworks	001005006
001005007	OS	001005
001005007001	Windows	001005007
001005007002	Macintosh	001005007
001005007003	Linux	001005007
001005007004	UNIX	001005007
001005007005	MS-DOS	001005007
001005007006	Android	001005007
001005008	デザイン・グラフィックス	001005
001005008001	WEBデザイン	001005008
001005008002	CG	001005008
001005008003	3Dグラフィックス	001005008
001005009	ITパスポート	001005
001005010	MOUS・MOT	001005
001005011	パソコン検定	001005
001005013	IT・eコマース	001005
001005017	その他	001005
001006	ビジネス・経済・就職	001
001006001	経済・財政	001006
001006001001	日本経済	001006001
001006001002	国際経済	001006001
001006001003	経済学	001006001
001006001004	財政	001006001
001006001005	その他	001006001
001006002	流通	001006
001006003	IT・eコマース	001006
001006004	マーケティング・セールス	001006
001006004001	広告・宣伝	001006004
001006004002	セールス・営業	001006004
001006004003	商品開発	001006004
001006004004	マーケティング	001006004
001006004005	クレーム対応	001006004
001006004006	企画書・プレゼン	001006004
001006005	投資・株・資産運用	001006
001006006	マネープラン	001006
001006006001	不動産・住宅ローン	001006006
001006006002	年金・保険	001006006
001006006003	節約	001006006
001006006004	税金	001006006
001006007	マネジメント・人材管理	001006
001006007001	人材管理	001006007
001006007002	リーダーシップ・コーチング	001006007
001006008	経理	001006
001006008001	会計学	001006008
001006008002	財務管理・キャッシュフロー	001006008
001006008003	税務	001006008
001006008004	簿記	001006008
001006009	自己啓発	001006
001006009001	企画書・プレゼン	001006009
001006009002	記憶術	001006009
001006009003	ビジネス哲学	001006009
001006009004	情報管理・手帳	001006009
001006010	就職・転職	001006
001006010001	就職	001006010
001006010002	転職	001006010
001006011	MBA	001006
001006013	証券アナリスト	001006
001006014	税理士・公認会計士・ファイナンシャルプランナー	001006
001006015	簿記検定	001006
001006016	銀行・金融検定	001006
001006018	経営	001006
001006018001	経営学	001006018
001006018002	経営戦略・管理	001006018
001006018003	起業・開業	001006018
001006018004	その他	001006018
001006019	産業	001006
001006019001	農業・畜産業	001006019
001006019002	林業・水産業	001006019
001006019003	商業	001006019
001006019004	運輸・交通・通信	001006019
001006019005	その他	001006019
001006021	その他	001006
001006022	アフィリエイト	001006
001006023	ビジネスマナー	001006
001006024	金融	001006
001007	旅行・留学・アウトドア	001
001007001	旅行	001007
001007003	温泉	001007
001007004	鉄道の旅	001007
001007005	テーマパーク	001007
001007006	ガイドブック	001007
001007007	地図	001007
001007008	留学・海外赴任	001007
001007010	旅行主任者	001007
001007011	紀行・旅行エッセイ	001007
001007012	釣り	001007
001007013	その他	001007
001007014	キャンプ	001007
001008	人文・思想・社会	001
001008001	雑学・出版・ジャーナリズム	001008
001008001001	図書館・書誌学	001008001
001008001002	雑学	001008001
001008001003	出版・書店	001008001
001008001004	ジャーナリズム	001008001
001008001005	その他	001008001
001008002	哲学・思想	001008
001008002001	西洋哲学	001008002
001008002002	東洋思想	001008002
001008002003	その他	001008002
001008003	心理学	001008
001008003001	心理学	001008003
001008003002	生き方・人生論	001008003
001008003003	超常現象	001008003
001008004	宗教・倫理	001008
001008004001	倫理学	001008004
001008004002	宗教学	001008004
001008004003	仏教	001008004
001008004004	キリスト教	001008004
001008004005	イスラム教	001008004
001008004006	その他	001008004
001008005	歴史	001008
001008005001	日本史	001008005
001008005002	世界史	001008005
001008005003	伝記(日本）	001008005
001008005004	伝記（外国）	001008005
001008005005	その他	001008005
001008006	地理	001008
001008006001	地理(日本）	001008006
001008006002	地理(外国）	001008006
001008008	社会科学	001008
001008009	法律	001008
001008009001	法律	001008009
001008009002	法令集	001008009
001008009003	司法試験	001008009
001008010	政治	001008
001008011	社会	001008
001008011001	労働	001008011
001008011002	犯罪	001008011
001008011003	消費者	001008011
001008011004	女性・家庭問題	001008011
001008011005	高齢化・社会保障	001008011
001008011006	その他	001008011
001008012	教育・福祉	001008
001008012001	福祉	001008012
001008012002	教育	001008012
001008012003	社会教育	001008012
001008012004	障害児教育	001008012
001008012011	教育心理	001008012
001008015	民俗	001008
001008015001	風俗・習慣	001008015
001008015002	年中行事	001008015
001008015003	昔話・民話	001008015
001008015004	民族学	001008015
001008016	軍事	001008
001008017	ノンフィクション	001008
001008017001	ノンフィクション(日本）	001008017
001008017002	ノンフィクション(外国）	001008017
001008017003	その他	001008017
001008018	言語学	001008
001008022	文学	001008
001008022001	文学史(日本）	001008022
001008022002	文学史(外国）	001008022
001008022003	文学論	001008022
001008022004	詩歌・俳諧	001008022
001008022005	古典文学	001008022
001008022006	戯曲・シナリオ	001008022
001008022007	文学全集	001008022
001008022008	その他	001008022
001008027	その他	001008
001009	ホビー・スポーツ・美術	001
001009001	スポーツ	001009
001009001001	トレーニング・エクササイズ	001009001
001009001002	陸上・マラソン	001009001
001009001003	サッカー	001009001
001009001004	野球	001009001
001009001005	バスケットボール	001009001
001009001006	バレーボール	001009001
001009001007	ラグビー・アメフト	001009001
001009001008	マリンスポーツ	001009001
001009001009	ウインタースポーツ	001009001
001009001010	ゴルフ	001009001
001009001011	モータースポーツ	001009001
001009001012	スカイスポーツ	001009001
001009001013	その他	001009001
001009002	格闘技	001009
001009002001	柔道	001009002
001009002002	剣道	001009002
001009002003	空手	001009002
001009002004	太極拳	001009002
001009002005	プロレス	001009002
001009002006	総合格闘技	001009002
001009002007	格闘技写真集	001009002
001009002008	ボクシング	001009002
001009002009	合気道	001009002
001009003	車・バイク	001009
001009003001	車	001009003
001009003002	バイク	001009003
001009003003	自動車免許	001009003
001009003004	モータースポーツ	001009003
001009004	鉄道	001009
001009005	登山・アウトドア・釣り	001009
001009006	カメラ・写真	001009
001009006001	カメラ	001009006
001009006002	写真技術	001009006
001009006003	デジカメ	001009006
001009006004	風景写真集	001009006
001009007	囲碁・将棋・クイズ	001009
001009007001	囲碁	001009007
001009007002	将棋	001009007
001009007003	トランプ	001009007
001009007004	ビリヤード	001009007
001009007005	手品	001009007
001009007006	クイズ・パズル	001009007
001009008	ギャンブル	001009
001009008001	競馬	001009008
001009008002	競輪・競艇	001009008
001009008003	麻雀	001009008
001009008004	パチンコ	001009008
001009008005	パチスロ	001009008
001009008006	ロト・宝くじ	001009008
001009009	美術	001009
001009009001	日本美術	001009009
001009009002	東洋美術	001009009
001009009003	西洋美術	001009009
001009009006	デザイン	001009009
001009009007	イラスト	001009009
001009009008	美術館	001009009
001009009009	ぬりえ	001009009
001009009010	ちぎり絵・切り絵	001009009
001009009011	その他	001009009
001009010	工芸・工作	001009
001009010001	陶芸	001009010
001009010002	書道	001009010
001009010003	骨董	001009010
001009010004	刀剣・甲冑	001009010
001009010005	折り紙	001009010
001009010006	木工	001009010
001009010007	印章・篆刻	001009010
001009010008	染織・漆	001009010
001009010009	その他	001009010
001009011	茶道・香道・華道	001009
001009011001	茶道	001009011
001009011002	華道・フラワーアレンジメント	001009011
001009011003	香道	001009011
001009012	ミリタリー	001009
001009013	トレーディングカード	001009
001009014	その他	001009
001009015	自転車	001009
001010	美容・暮らし・健康・料理	001
001010001	恋愛	001010
001010001001	恋愛	001010001
001010001002	結婚	001010001
001010001003	性	001010001
001010002	妊娠・出産・子育て	001010
001010002001	妊娠・出産・子育て	001010002
001010002002	名づけ・姓名判断	001010002
001010002003	不妊	001010002
001010003	ペット	001010
001010003001	犬	001010003
001010003002	猫	001010003
001010003003	その他	001010003
001010003004	魚	001010003
001010004	住まい・インテリア	001010
001010004001	インテリア	001010004
001010004002	風水	001010004
001010004003	マイホーム	001010004
001010004004	カラーコーディネーター・色彩検定	001010004
001010004005	インテリアコーディネーター	001010004
001010004006	雑貨	001010004
001010004007	リフォーム	001010004
001010005	ガーデニング・フラワー	001010
001010005001	ガーデニング	001010005
001010005002	花	001010005
001010005003	ハーブ	001010005
001010005004	野菜作り	001010005
001010005005	観葉植物・盆栽	001010005
001010005006	華道・フラワーアレンジメント	001010005
001010005007	庭作り・エクステリア	001010005
001010006	生活の知識	001010
001010006001	節約	001010006
001010006002	保険	001010006
001010006003	茶道	001010006
001010006004	書道	001010006
001010006005	家事	001010006
001010006006	その他	001010006
001010007	占い	001010
001010007001	占星術	001010007
001010007002	手相・顔相	001010007
001010007003	四柱推命	001010007
001010007004	血液型	001010007
001010007006	名づけ・姓名判断	001010007
001010007007	その他	001010007
001010008	冠婚葬祭・マナー	001010
001010008001	結婚	001010008
001010008002	葬儀	001010008
001010008003	マナー	001010008
001010008004	しきたり	001010008
001010009	手芸	001010
001010009001	手芸	001010009
001010009002	洋裁	001010009
001010009003	和裁	001010009
001010009004	ビーズ	001010009
001010009005	人形	001010009
001010009006	パッチワーク	001010009
001010009007	刺繍	001010009
001010009008	押し花	001010009
001010009009	トールペイント	001010009
001010009010	粘土人形	001010009
001010010	健康	001010
001010010001	家庭の医学	001010010
001010010002	健康法	001010010
001010010003	ヨガ・ピラティス	001010010
001010010004	太極拳	001010010
001010011	料理	001010
001010011001	和食・おかず	001010011
001010011002	お菓子・パン	001010011
001010011003	中華・韓国・エスニック	001010011
001010011004	イタリア料理	001010011
001010011005	フランス料理	001010011
001010011006	ダイエット・健康料理	001010011
001010011007	グルメガイド	001010011
001010011008	チーズ・乳製品	001010011
001010011009	お弁当	001010011
001010011010	自然食・マクロビオティック	001010011
001010011011	その他	001010011
001010012	ドリンク・お酒	001010
001010012001	酒・焼酎・カクテル	001010012
001010012002	ワイン	001010012
001010012003	ソフトドリンク	001010012
001010012004	お茶	001010012
001010012005	その他	001010012
001010013	生き方・リラクゼーション	001010
001010013001	癒し・ヒーリング	001010013
001010013002	アロマテラピー	001010013
001010013003	生き方	001010013
001010013004	スピリチュアル	001010013
001010014	ファッション・美容	001010
001010014001	美容	001010014
001010014002	ダイエット	001010014
001010014003	ヘアスタイル	001010014
001010014004	ネイル	001010014
001010014005	ジュエリー・時計	001010014
001010014006	ファッション	001010014
001010014007	着物	001010014
001010014008	その他	001010014
001010015	その他	001010
001010016	雑貨	001010
001011	エンタメ・ゲーム	001
001011001	テレビ関連本	001011
001011001001	テレビ関連本	001011001
001011002	映画	001011
001011002001	映画全般（日本）	001011002
001011002002	映画全般（外国）	001011002
001011002003	映画撮影・制作	001011002
001011002004	その他	001011002
001011003	音楽	001011
001011003001	クラシック	001011003
001011003002	ロック・ポップス	001011003
001011003003	その他	001011003
001011005	ゲーム	001011
001011005001	ゲーム攻略本	001011005
001011005002	TRPG	001011005
001011005003	設定資料集	001011005
001011006	演劇・舞踊	001011
001011006001	演劇	001011006
001011006002	バレエ	001011006
001011006003	日舞	001011006
001011006004	歌舞伎・能	001011006
001011006005	その他	001011006
001011006006	宝塚	001011006
001011007	演芸	001011
001011007001	落語	001011007
001011007002	漫才	001011007
001011009	アニメーション	001011
001011010	フィギュア	001011
001011011	サブカルチャー	001011
001011012	その他	001011
001011013	タレント関連本	001011
001012	科学・技術	001
001012001	自然科学全般	001012
001012002	数学	001012
001012003	物理学	001012
001012004	化学	001012
001012005	地学・天文学	001012
001012006	生物学	001012
001012007	植物学	001012
001012008	動物学	001012
001012009	医学・薬学	001012
001012009001	医学	001012009
001012009002	家庭の医学	001012009
001012009003	薬学	001012009
001012009004	看護学	001012009
001012009005	歯学	001012009
001012009006	公衆衛生学・予防医学	001012009
001012009007	医師資格	001012009
001012010	工学	001012
001012010001	電気工学	001012010
001012010002	建設工学	001012010
001012010003	機械工学	001012010
001012010004	宇宙工学	001012010
001012010005	その他	001012010
001012011	建築学	001012
001012016	その他	001012
001013	写真集・タレント	001
001013001	グラビアアイドル・タレント写真集	001013
001013002	その他	001013
001013003	動物・自然	001013
001014	アダルト	001
001014001	成年コミック	001014
001014001001	コアマガジン	001014001
001014001002	エンジェル出版	001014001
001014001003	ヒット出版社	001014001
001014001004	東京三世社	001014001
001014001005	久保書店	001014001
001014001006	松文館	001014001
001014001007	茜新社	001014001
001014001008	一水社	001014001
001014001011	オークス	001014001
001014001015	富士美出版	001014001
001014001017	キルタイムコミュニケーション	001014001
001014001018	三和出版	001014001
001014001028	ティーアイネット	001014001
001014001030	虹の旅出版	001014001
001014001034	フランス書院	001014001
001014001037	メディアックス	001014001
001014001045	その他出版社	001014001
001014001046	ワニマガジン社	001014001
001014004	アダルト写真集	001014
001014006	その他	001014
001014007	ハウツー	001014
001014008	小説	001014
001014008001	フランス書院文庫	001014008
001014008002	美少女文庫	001014008
001014008003	パラダイムノベルス	001014008
001014008004	リアルドリーム文庫	001014008
001014008005	ぷちぱら文庫	001014008
001014008006	マドンナメイト文庫	001014008
001015	その他	001
001016	資格・検定	001
001016001	看護・医療関係資格	001016
001016001001	医師資格	001016001
001016001002	看護師資格	001016001
001016001003	理学・作業療法士資格	001016001
001016002	法律関係資格	001016
001016002001	司法試験	001016002
001016002002	司法書士	001016002
001016002003	行政書士	001016002
001016003	ビジネス関係資格	001016
001016003001	MBA	001016003
001016003002	CPA(米国公認会計士）	001016003
001016003003	証券アナリスト	001016003
001016003004	税理士・公認会計士・ファイナンシャルプランナー	001016003
001016003005	簿記検定	001016003
001016003006	銀行・金融検定	001016003
001016004	宅建・不動産関係資格	001016
001016004001	宅建	001016004
001016004002	不動産鑑定士	001016004
001016005	食品・調理関係資格	001016
001016005001	調理師	001016005
001016005002	栄養士	001016005
001016005003	衛生管理者	001016005
001016006	教育・心理関係資格	001016
001016006001	教員試験	001016006
001016006002	保育士・幼稚園教諭資格	001016006
001016006003	臨床心理士	001016006
001016006004	カウンセラー	001016006
001016007	インテリア関係資格	001016
001016008	介護・福祉関係資格	001016
001016008001	ケアマネージャー	001016008
001016008002	介護福祉士	001016008
001016008003	社会保険労務士	001016008
001016009	技術・建築関係資格	001016
001016009001	技術士	001016009
001016009002	建築士	001016009
001016009003	危険物	001016009
001016010	語学関係資格	001016
001016010002	TOEIC	001016010
001016010003	TOEFL	001016010
001016010004	漢字検定	001016010
001016011	パソコン関係資格	001016
001016011001	ITパスポート	001016011
001016011002	MOUS・MOT	001016011
001016011003	パソコン検定	001016011
001016011004	情報処理技術者試験	001016011
001016012	旅行主任者	001016
001016013	カラーコーディネーター・色彩検定	001016
001016014	数学検定	001016
001016015	公務員試験	001016
001016016	自動車免許	001016
001016017	その他	001016
001017	ライトノベル	001
001017004	その他	001017
001017005	少年	001017
001017005001	小学館ガガガ文庫	001017005
001017005002	一迅社文庫	001017005
001017005003	エンターブレイン　ファミ通文庫	001017005
001017005004	アスキーメディアワークス　電撃文庫	001017005
001017005005	朝日ソノラマ文庫・朝日ノベルズ	001017005
001017005006	徳間デュアル文庫	001017005
001017005007	富士見ファンタジア文庫	001017005
001017005008	スクウェア・エニックス EX NOVELS	001017005
001017005009	角川スニーカー文庫	001017005
001017005010	メディアファクトリー MF文庫J	001017005
001017005011	集英社スーパーダッシュ文庫	001017005
001017005012	ソフトバンククリエイティブ GA文庫	001017005
001017005013	ホビージャパン HJ文庫	001017005
001017005014	ジャイブ ピュアフル文庫	001017005
001017005015	講談社BOX	001017005
001017005016	講談社ラノベ文庫	001017005
001017005017	富士見書房　富士見ドラゴンブック	001017005
001017005018	宝島社　このライトノベルがすごい！文庫	001017005
001017005019	PHP研究所 スマッシュ文庫	001017005
001017005020	あとみっく文庫	001017005
001017006	少女	001017
001017006001	角川ビーンズ文庫	001017006
001017006002	小学館　ルルル文庫	001017006
001017006003	一迅社文庫アイリス	001017006
001017006004	新書館　ウィングス文庫	001017006
001017006005	プリズム文庫	001017006
001017006006	フランス書院 プラチナ文庫	001017006
001017006007	エンターブレイン B's-LOG文庫	001017006
001017006008	三笠書房 f-Clan文庫	001017006
001017006009	集英社 コバルト文庫	001017006
001017006010	中央公論新社　C★nobels	001017006
001017006011	幻冬舎バースノベルス	001017006
001017006012	講談社X文庫	001017006
001018	楽譜	001
001018002	ピアノ	001018
001018002001	クラシック	001018002
001018002002	JPOP	001018002
001018002003	洋楽	001018002
001018002004	その他	001018002
001018003	ギター	001018
001018003001	クラシック	001018003
001018003002	JPOP	001018003
001018003003	洋楽	001018003
001018003004	その他	001018003
001018004	管・打楽器	001018
001018004001	クラシック	001018004
001018004002	JPOP	001018004
001018004003	洋楽	001018004
001018004004	その他	001018004
001018005	吹奏楽・アンサンブル・ミニチュアスコア	001018
001018005001	クラシック	001018005
001018005002	JPOP	001018005
001018005003	洋楽	001018005
001018005004	その他	001018005
001018006	バイオリン・チェロ・コントラバス	001018
001018006001	クラシック	001018006
001018006002	JPOP	001018006
001018006003	洋楽	001018006
001018006004	その他	001018006
001018007	その他楽器	001018
001018007001	クラシック	001018007
001018007002	JPOP	001018007
001018007003	洋楽	001018007
001018007004	その他	001018007
001018008	LM（ライトミュージック）楽器教本	001018
001018008001	楽器全般［教則］	001018008
001018009	バンドスコア	001018
001018009001	JPOP	001018009
001018009002	洋楽	001018009
001018009003	その他	001018009
001018010	合唱	001018
001018010001	クラシック	001018010
001018010002	JPOP	001018010
001018010003	洋楽	001018010
001018010004	その他	001018010
001018011	声楽	001018
001018011001	声楽	001018011
001018011002	声楽教本	001018011
001018012	その他	001018
001018012001	マルチメディア	001018012
001018012002	書籍・辞典	001018012
001018012003	その他	001018012
001019	文庫	001
001019001	小説・エッセイ	001019
001019002	美容・暮らし・健康・料理	001019
001019003	ホビー・スポーツ・美術	001019
001019005	語学・学習参考書	001019
001019006	旅行・留学・アウトドア	001019
001019007	人文・思想・社会	001019
001019008	ビジネス・経済・就職	001019
001019009	パソコン・システム開発	001019
001019010	科学・医学・技術	001019
001019011	漫画（コミック）	001019
001019012	ライトノベル	001019
001019013	エンタメ	001019
001019014	写真集・タレント	001019
001019015	その他	001019
001020	新書	001
001020001	小説・エッセイ	001020
001020002	美容・暮らし・健康・料理	001020
001020003	ホビー・スポーツ・美術	001020
001020004	絵本・児童書・図鑑	001020
001020005	語学・学習参考書	001020
001020006	旅行・留学・アウトドア	001020
001020007	人文・思想・社会	001020
001020008	ビジネス・経済・就職	001020
001020009	パソコン・システム開発	001020
001020010	科学・医学・技術	001020
001020011	エンタメ	001020
001020014	その他	001020
001021	ボーイズラブ（BL）	001
001021001	小説	001021
001021001001	角川ルビー文庫	001021001
001021001002	白泉社花丸文庫	001021001
001021001003	徳間書店　キャラ文庫　	001021001
001021001004	小学館スーパークエスト文庫	001021001
001021001005	新書館ディアプラス文庫	001021001
001021001006	オークラ出版アイス文庫	001021001
001021001007	フランス書院プラチナ文庫	001021001
001021001008	大洋図書SHY NOVELS	001021001
001021001009	海王社 Gush文庫	001021001
001021001010	幻冬舎 ルチル文庫	001021001
001021001011	心交社 ショコラノベルス	001021001
001021001012	ワンツーマガジン社 アルルノベルス	001021001
001021001013	イースト・プレス アズ・ノベルズ	001021001
001021001014	プランタン出版ティアラ文庫	001021001
001021001015	アスキーメディアワークス B-PRINCE文庫	001021001
001021001016	コスミック出版　セシル文庫	001021001
001021001017	フロンティアワークス　ダリア文庫	001021001
001021001018	学研 もえぎ文庫	001021001
001021001019	竹書房 ラヴァーズ文庫	001021001
001021001020	オークラ出版 プリズム文庫	001021001
001021001021	リブレ出版 ビーボーイノベルズ	001021001
001021001022	二見書房　シャレード文庫	001021001
001021001023	リブレ出版 ビーボーイSLASHノベルズ	001021001
001021001024	その他	001021001
001021002	コミック	001021
001021002001	白泉社 花丸C	001021002
001021002002	桜桃書房 ガストC	001021002
001021002003	光彩書房 光彩C	001021002
001021002004	新書館 Dear+C	001021002
001021002006	芳文社 花音C	001021002
001021002007	マガジンマガジン ジュネC	001021002
001021002008	松文館 ダイヤモンドC	001021002
001021002009	徳間書店 キャラC	001021002
001021002010	ムービック Daria C	001021002
001021002011	コアマガジン drap C	001021002
001021002012	笠倉出版社 Cult C	001021002
001021002013	実業之日本社 MB C	001021002
001021002014	海王社 Gush C	001021002
001021002015	フロンティアワークス ダリアC	001021002
001021002016	角川書店 あすかCIELC	001021002
001021002017	心交社 ショコラコミックス	001021002
001021002018	幻冬舎 リンクスコレクション	001021002
001021002019	リブレ出版　ビーボーイコミックス	001021002
001021002020	リブレ出版　スーパービーボーイコミックス	001021002
001021002021	リブレ出版　ゼロコミックス	001021002
001021003	その他	001021
001022	付録付き	001
001022001	付録付き	001022
001022002	ムック	001022
001023	バーゲン本	001
001025	コミックセット	001
001026	カレンダー・手帳・家計簿	001
001026001	カレンダー	001026
001026002	手帳	001026
001026003	家計簿	001026
001027	文具・雑貨	001
001027001	筆記具	001027
001027001001	水性・ゲルインクボールペン	001027001
001027001002	多色ボールペン・マルチペン	001027001
001027001003	油性ボールペン	001027001
001027001004	シャープペンシル	001027001
001027001005	鉛筆	001027001
001027001006	マーカー	001027001
001027001007	蛍光ペン・カラーペン	001027001
001027001008	替芯	001027001
001027001009	筆ペン	001027001
001027001010	万年筆	001027001
001027001011	その他	001027001
001027001012	消しゴム・電ケシ	001027001
001027001013	修正テープ・ペン	001027001
001027002	筆記補助用品	001027
001027002001	鉛筆削り器	001027002
001027002002	補助用品	001027002
001027002003	ペンケース	001027002
001027002004	その他	001027002
001027003	ノート	001027
001027003001	ノート	001027003
001027003002	ルーズリーフ	001027003
001027003003	レポート・原稿用紙	001027003
001027003004	メモ帳	001027003
001027003005	バインダー	001027003
001027003006	その他	001027003
001027004	学用品	001027
001027004001	学習帳・自由帳	001027004
001027004002	学習用品	001027004
001027004003	画材	001027004
001027004004	書道用品	001027004
001027004005	幼児知育用品	001027004
001027004006	折紙	001027004
001027004007	ぬりえ	001027004
001027004008	その他	001027004
001027005	手紙・はがき・便箋	001027
001027005001	カード	001027005
001027005002	レター・便封・封筒	001027005
001027005003	シール	001027005
001027005004	スタンプ	001027005
001027005005	ラッピング・贈答	001027005
001027005006	金封・ぽち袋	001027005
001027005007	色紙	001027005
001027005008	マスキングテープ	001027005
001027005009	日記・家計簿	001027005
001027005010	その他	001027005
001027006	手芸・書道・アート	001027
001027006001	画材関連	001027006
001027006002	造形関連	001027006
001027006003	書道関連	001027006
001027006004	スクラップブッキング	001027006
001027006005	手芸関連	001027006
001027006006	製図用品	001027006
001027006007	その他	001027006
001027007	ブックカバー・しおり	001027
001027007001	文庫サイズ	001027007
001027007002	新書サイズ	001027007
001027007003	単行本サイズ	001027007
001027007004	ブックマーク・しおり	001027007
001027007005	その他	001027007
001027008	ファイル・収納用品	001027
001027008001	クリアブック	001027008
001027008002	ファイル	001027008
001027008003	クリアホルダー	001027008
001027008004	ファイルボックス・レターケース	001027008
001027008005	バッグ・ケース	001027008
001027008006	アルバム	001027008
001027008007	その他	001027008
001027009	事務・OA用品	001027
001027009001	接着・粘着用品	001027009
001027009002	ハサミ・カッター・裁断	001027009
001027009003	付箋	001027009
001027009004	事務小物	001027009
001027009005	ボード・マグネット類	001027009
001027009006	印章用品	001027009
001027009007	履歴書	001027009
001027009008	伝票・事務用紙類	001027009
001027009009	業務封筒	001027009
001027009010	OA用紙	001027009
001027009011	OA用品	001027009
001027009012	電子文具・電卓	001027009
001027009013	スマホ・ケータイ関連	001027009
001027009014	その他	001027009
001027010	キャラクターグッズ	001027
001027010001	ディズニー	001027010
001027010002	サンエックス	001027010
001027010003	サンリオ	001027010
001027010004	絵本キャラ	001027010
001027010005	コミックキャラ	001027010
001027010006	ゲームキャラ	001027010
001027010007	ノンキャラクター	001027010
001027010008	ジブリ	001027010
001027010009	その他	001027010
001027011	デザイン文具	001027
001027011001	デザインアルバム	001027011
001027011002	ステーショナリー	001027011
001027011003	その他	001027011
001027012	シーズナル	001027
001027012001	クリスマス	001027012
001027012002	年賀	001027012
001027012003	新入学	001027012
001027012004	シーズン	001027012
001027012005	手帳小物	001027012
001027012006	その他	001027012
001027013	高級ステーショナリー	001027
001027013001	高級筆記・ブランド筆記	001027013
001027013002	革小物・鞄	001027013
001027013003	ギフト・小物	001027013
001027013004	その他	001027013
001027014	その他	001027
001028	医学・薬学・看護学・歯科学	001
001028001	基礎医学	001028
001028001001	解剖学	001028001
001028001002	組織学・発生学	001028001
001028001003	生理学	001028001
001028001004	生化学・医化学	001028001
001028001005	薬理学	001028001
001028001006	病理学	001028001
001028001007	微生物学	001028001
001028001008	医動物学	001028001
001028001009	免疫学・血清学	001028001
001028001010	生命科学	001028001
001028001011	神経科学	001028001
001028001012	医用工学	001028001
001028001013	遺伝学・遺伝子工学	001028001
001028001014	その他	001028001
001028002	臨床医学一般	001028
001028002001	診断学一般	001028002
001028002002	総合診療・プライマリケア	001028002
001028002003	臨床検査診断学	001028002
001028002004	治療・薬物療法	001028002
001028002005	がん・腫瘍	001028002
001028002006	緩和医療	001028002
001028002007	スポーツ医学	001028002
001028002008	移植・人工臓器	001028002
001028002009	臨床研究	001028002
001028002010	病態栄養	001028002
001028002011	老年医学	001028002
001028003	臨床医学内科系	001028
001028003001	呼吸器	001028003
001028003002	循環器	001028003
001028003003	心臓	001028003
001028003004	心電図・心音図・心エコー	001028003
001028003005	血液・輸血	001028003
001028003006	消化器	001028003
001028003007	胃・腸	001028003
001028003008	肝・胆・膵	001028003
001028003009	アレルギー	001028003
001028003010	感染症	001028003
001028003011	内分泌・代謝	001028003
001028003012	糖尿病	001028003
001028003013	脳神経科学・神経内科学	001028003
001028003014	膠原病・リウマチ	001028003
001028003015	腎臓	001028003
001028003016	その他	001028003
001028004	臨床医学外科系	001028
001028004001	脳神経外科学	001028004
001028004002	胸部外科学	001028004
001028004003	心臓・血管外科学	001028004
001028004004	消化器外科学	001028004
001028004005	その他	001028004
001028005	臨床医学専門科別	001028
001028005001	産科	001028005
001028005002	婦人科	001028005
001028005003	小児科学	001028005
001028005004	眼科学	001028005
001028005005	耳鼻咽喉科学・頭頸部外科学	001028005
001028005006	整形外科学	001028005
001028005007	皮膚科学	001028005
001028005008	形成外科学	001028005
001028005009	泌尿器科学	001028005
001028005010	麻酔科学・ペインクリニック	001028005
001028005011	救急医学・集中治療	001028005
001028005012	精神医学	001028005
001028005013	放射線医学・核医学	001028005
001028005014	画像医学・超音波医学	001028005
001028006	医学一般・社会医学	001028
001028006001	病院管理学	001028006
001028006002	医療統計学	001028006
001028006003	衛生・公衆衛生学	001028006
001028006004	情報学(医学情報学)	001028006
001028006005	環境医学・産業医学	001028006
001028006006	災害医学	001028006
001028006007	医事法学	001028006
001028006008	医療倫理学・医療情報学	001028006
001028006009	法医学	001028006
001028006010	医学教育	001028006
001028006011	医学史	001028006
001028006012	その他	001028006
001028007	基礎看護学	001028
001028007001	基礎看護学	001028007
001028007002	看護技術	001028007
001028007003	看護過程・看護診断	001028007
001028007004	看護記録・看護計画	001028007
001028007005	看護管理	001028007
001028007006	看護教育	001028007
001028007007	看護研究	001028007
001028007008	災害看護・国際看護	001028007
001028007009	その他	001028007
001028008	臨床成人看護	001028
001028008001	成人看護	001028008
001028008002	呼吸器	001028008
001028008003	循環器	001028008
001028008004	血液・造血器	001028008
001028008005	消化器	001028008
001028008006	内分泌・代謝	001028008
001028008007	脳・神経	001028008
001028008008	腎・泌尿器・生殖器	001028008
001028008009	整形外科	001028008
001028008010	皮膚・スキンケア・褥創	001028008
001028008011	眼・耳鼻咽喉・歯	001028008
001028009	臨床看護専門科別	001028
001028009001	地域・在宅・家族看護	001028009
001028009002	老年看護	001028009
001028009003	小児看護	001028009
001028009004	母性看護	001028009
001028009005	精神看護	001028009
001028010	臨床看護一般	001028
001028010001	がん・緩和ケア	001028010
001028010002	救急看護	001028010
001028010003	手術・麻酔・ICU	001028010
001028010004	注射・薬	001028010
001028010005	心電図・検査・画像診断	001028010
001028010006	感染症・感染管理	001028010
001028010007	免疫学・アレルギー	001028010
001028010008	糖尿病	001028010
001028010009	透析	001028010
001028010010	医療安全	001028010
001028010011	リハビリテーション看護	001028010
001028010012	その他	001028010
001028011	看護学生向け	001028
001028011001	教科書	001028011
001028011002	参考書・その他	001028011
001028012	保健・助産	001028
001028012001	保健	001028012
001028012002	助産	001028012
001028012003	学生向け・その他	001028012
001028013	医療関連科学・技術	001028
001028013001	臨床検査技術	001028013
001028013002	臨床放射線技術	001028013
001028013003	リハビリテーション	001028013
001028013004	理学療法学	001028013
001028013005	作業療法学	001028013
001028013006	言語聴覚療法学	001028013
001028013007	義肢装具学	001028013
001028013008	臨床工学	001028013
001028013009	臨床心理学	001028013
001028013010	管理栄養士	001028013
001028013011	学生向け教科書・参考書	001028013
001028013012	その他	001028013
001028014	伝統医学・東洋医学	001028
001028014001	鍼灸	001028014
001028014002	柔道整復	001028014
001028014003	あん摩・マッサージ・指圧	001028014
001028014004	東洋医学	001028014
001028014005	伝統中国医学・中医学	001028014
001028014006	カイロプラクティック・オステオパシー	001028014
001028014007	その他	001028014
001028015	薬学	001028
001028015001	基礎薬学	001028015
001028015002	薬剤学・臨床薬学	001028015
001028015003	薬理学	001028015
001028015004	医薬品情報学	001028015
001028015005	その他	001028015
001028016	歯科医学	001028
001028016001	基礎歯科学	001028016
001028016002	臨床歯科学	001028016
001028016003	口腔外科学	001028016
001028016004	歯科保存学・歯科補綴学	001028016
001028016005	予防歯科学	001028016
001028016006	歯科技工学	001028016
001028016007	歯科衛生学	001028016
001028016008	その他	001028016
001028017	試験対策(資格試験別)	001028
001028017001	医師	001028017
001028017002	看護師	001028017
001028017003	准看護師	001028017
001028017004	保健師	001028017
001028017005	助産師	001028017
001028017006	歯科医師	001028017
001028017007	薬剤師	001028017
001028017008	柔道整復師	001028017
001028017009	はり師・きゅう師	001028017
001028017010	あん摩マッサージ指圧師	001028017
001028017011	救急救命士	001028017
001028017012	臨床検査技師	001028017
001028017013	診療放射線技師	001028017
001028017014	理学療法士	001028017
001028017015	作業療法士	001028017
001028017016	言語聴覚士	001028017
001028017017	歯科衛生士	001028017
001028017018	歯科技工士	001028017
001028017019	管理栄養士	001028017
001028018	辞事典・白書・語学	001028
001028018001	辞事典・白書	001028018
001028018002	語学(医学)	001028018
001028018003	語学(その他)	001028018
002	CD	000
002101	J-POP	002
002101001	ポップス	002101
002101002	フォーク・ニューミュージック	002101
002101004	オムニバス	002101
002101005	その他	002101
002101006	ロック・ソウル	002101
002101007	ラップ・ヒップホップ	002101
002102	ロック・ポップス	002
002102001	ポップス・ヴォーカル	002102
002102002	ハードロック・ヘヴィメタル	002102
002102003	オムニバス	002102
002102004	その他	002102
002102005	フォーク・カントリー	002102
002102006	ロック・オルタナティヴ	002102
002103	ダンス・ソウル	002
002103001	クラブ・ディスコ	002103
002103002	R&B・ソウル	002103
002103003	ラップ・ヒップホップ	002103
002103007	その他	002103
002103008	ブルース・ゴスペル	002103
002103009	邦楽クラブ・テクノ	002103
002103010	オムニバス	002103
002104	クラシック	002
002104001	交響曲	002104
002104002	管弦楽曲	002104
002104003	協奏曲	002104
002104004	器楽曲	002104
002104005	室内楽曲	002104
002104006	古楽・バロック音楽	002104
002104007	歌劇・オペラ	002104
002104008	その他	002104
002104009	吹奏楽	002104
002104010	声楽曲	002104
002104011	現代音楽	002104
002104012	オムニバス	002104
002105	ジャズ	002
002105001	ヴォーカル	002105
002105009	ディキシー・スイング	002105
002105010	日本のジャズ	002105
002105011	オムニバス	002105
002105013	フュージョン	002105
002105014	その他	002105
002105015	モダンジャズ	002105
002106	イージーリスニング	002
002106001	イージーリスニング・ムード音楽	002106
002106004	その他	002106
002106005	ヒーリング・ニューエイジ	002106
002107	演歌・純邦楽・落語	002
002107001	純邦楽・民謡	002107
002107002	趣味・教養	002107
002107003	落語・演芸	002107
002107004	その他	002107
002107005	演歌・歌謡曲	002107
002107006	カラオケ	002107
002107007	ドキュメント・脱音楽	002107
002108	アニメ	002
002108001	国内アニメ音楽	002108
002108005	その他	002108
002108006	海外アニメ音楽	002108
002108007	ゲーム音楽	002108
002108008	ドラマＣＤ	002108
002111	サウンドトラック	002
002111001	邦画	002111
002111002	洋画	002111
002111003	その他	002111
002111004	国内TV音楽	002111
002111005	海外TV音楽	002111
002111006	演劇・ミュージカル	002111
002112	その他	002
002113	ワールドミュージック	002
002113001	レゲエ	002113
002113002	ボサノヴァ・ブラジル	002113
002113003	ラテン・キューバ・タンゴ	002113
002113004	ハワイアン	002113
002113005	ヨーロッパ	002113
002113007	アフリカ	002113
002113008	その他	002113
002114	キッズ・ファミリー	002
002114001	ディズニー	002114
002114002	童謡・唱歌	002114
002114003	戦隊ヒーロー	002114
002114004	教材	002114
002114005	その他	002114
002115	韓国（K-POP）・アジア	002
002115001	韓国（K-POP）・アジア	002115
002116	輸入盤	002
002117	DVD・ブルーレイ付	002
003	DVD	000
003201	洋画	003
003201001	ドラマ	003201
003201002	アクション	003201
003201003	ホラー・SF	003201
003201004	ミュージカル	003201
003201005	コメディ	003201
003201006	その他	003201
003202	邦画	003
003202001	ドラマ	003202
003202002	アクション	003202
003202003	ホラー・SF	003202
003202004	ミュージカル	003202
003202005	コメディ	003202
003202006	その他	003202
003203	テレビドラマ	003
003203001	日本	003203
003203002	海外	003203
003203003	その他	003203
003204	ドキュメンタリー	003
003204001	宗教	003204
003204002	歴史・地理	003204
003204003	社会科学	003204
003204004	自然科学	003204
003204005	技術・工学	003204
003204006	医学	003204
003204007	文学	003204
003204008	その他	003204
003205	特撮	003
003205001	洋画	003205
003205002	邦画	003205
003205003	テレビ	003205
003205004	その他	003205
003206	アニメ	003
003206001	洋画	003206
003206002	邦画	003206
003206003	テレビアニメ	003206
003206004	OVA	003206
003206005	その他	003206
003207	ミュージック・ライブ映像	003
003207001	邦楽	003207
003207001001	ロック・ポップス	003207001
003207001002	ジャズ	003207001
003207001003	クラシック	003207001
003207001004	インストゥルメンタル	003207001
003207001005	その他	003207001
003207002	洋楽	003207
003207002001	ロック・ポップス	003207002
003207002002	ジャズ	003207002
003207002003	クラシック	003207002
003207002004	インストゥルメンタル	003207002
003207002005	その他	003207002
003207003	その他	003207
003207004	アジア・韓国	003207
003208	お笑い・バラエティ	003
003208001	バラエティ	003208
003208002	お笑い	003208
003208003	落語	003208
003208004	その他	003208
003209	スポーツ	003
003209001	格闘技・武道	003209
003209002	ゴルフ	003209
003209003	サッカー	003209
003209004	テニス	003209
003209005	バスケットボール	003209
003209006	野球	003209
003209007	マリンスポーツ	003209
003209008	ウィンタースポーツ	003209
003209009	モータースポーツ	003209
003209010	自転車	003209
003209011	その他	003209
003209012	プロレス	003209
003210	趣味・実用	003
003210001	ビジネス	003210
003210002	語学・会話	003210
003210003	健康・フィットネス	003210
003210004	生活	003210
003210005	ファッション・メイク	003210
003210006	美術	003210
003210007	写真	003210
003210008	旅行	003210
003210009	アウトドア	003210
003210010	囲碁・将棋	003210
003210011	競馬	003210
003210012	麻雀	003210
003210013	手品	003210
003210014	パチンコ	003210
003210015	ダンス	003210
003210016	自動車	003210
003210017	バイク	003210
003210018	鉄道	003210
003210019	飛行機	003210
003210020	船	003210
003210021	動物	003210
003210022	その他	003210
003210023	BGV	003210
003211	舞台・ミュージカル	003
003211001	歌舞伎・能・狂言	003211
003211002	演劇	003211
003211003	ミュージカル	003211
003211004	バレエ	003211
003211005	その他	003211
003212	アイドル	003
003213	キッズ・ファミリー	003
003213001	子供番組	003213
003213002	人形劇	003213
003213003	のりもの・どうぶつ	003213
003213004	学習・教育	003213
003213005	その他	003213
003214	その他	003
003215	ブルーレイ	003
003215001	洋画	003215
003215002	アジア・韓国	003215
003215003	邦画	003215
003215004	テレビドラマ	003215
003215005	お笑い・バラエティ	003215
003215006	スポーツ	003215
003215007	アニメ	003215
003215008	ミュージック・ライブ映像	003215
003215009	鉄道	003215
003215010	アイドル	003215
003215011	キッズ・ファミリー	003215
003215012	舞台・ミュージカル	003215
003215013	その他	003215
003217	アダルト	003
003217001	アニメ	003217
003217001001	アニメ	003217001
003217006	フェチ	003217
003217006002	レズ	003217006
003217006007	デビュー	003217006
003217006008	童貞	003217006
003217006009	盗撮	003217006
003217006010	変態	003217006
003217006011	温泉	003217006
003217006012	ガチ	003217006
003217006013	パンスト	003217006
003217006014	パンチラ	003217006
003217006015	ごっくん	003217006
003217006016	失禁	003217006
003217006017	淫語	003217006
003217006018	羞恥	003217006
003217006019	義父	003217006
003217006020	おじさん	003217006
003217006021	黒人	003217006
003217006022	おもちゃ	003217006
003217006023	スカトロ	003217006
003217006024	辱め	003217006
003217007	海外	003217
003217007001	海外	003217007
003217009	Blu-Ray	003217
003217009001	Blu-Ray	003217009
003217010	その他	003217
003217010001	その他	003217010
003217011	タイプ	003217
003217011001	素人	003217011
003217011002	熟女	003217011
003217011003	人妻	003217011
003217011004	女優	003217011
003217011005	巨乳	003217011
003217011006	爆乳	003217011
003217011007	美乳	003217011
003217011008	美尻	003217011
003217011009	教師	003217011
003217011010	お母さん	003217011
003217011011	お姉さん	003217011
003217011012	女子校生	003217011
003217011013	女子大生	003217011
003217011014	ギャル	003217011
003217011015	OL	003217011
003217011016	アイドル	003217011
003217011017	セレブ	003217011
003217011018	モデル	003217011
003217011019	ダンサー	003217011
003217011020	キャバ嬢	003217011
003217011021	秘書	003217011
003217011022	新入社員	003217011
003217011023	美女	003217011
003217011024	痴女	003217011
003217011025	処女	003217011
003217011026	M女	003217011
003217011027	メガネ	003217011
003217011028	スレンダー	003217011
003217011029	パイパン	003217011
003217011030	ロリ	003217011
003217011031	ぽっちゃり	003217011
003217011032	ニューハーフ	003217011
003217012	シチュエーション	003217
003217012001	エステ・マッサージ	003217012
003217012002	ナンパ	003217012
003217012003	逆ナンパ	003217012
003217012004	ソープ	003217012
003217012005	痴漢	003217012
003217012006	調教	003217012
003217012007	不倫	003217012
003217012008	風俗	003217012
003217012009	野外	003217012
003217012010	カップル	003217012
003217012011	面接	003217012
003217012012	泥酔	003217012
003217012013	未亡人	003217012
003217012014	カラオケ他	003217012
003217012015	合コン	003217012
003217012016	ドッキリ	003217012
003217012017	カーセックス	003217012
003217012018	プール	003217012
003217013	プレイ	003217
003217013001	中出し	003217013
003217013002	オナニー	003217013
003217013003	センズリ	003217013
003217013004	アナル	003217013
003217013005	潮吹き	003217013
003217013006	騎乗位	003217013
003217013007	フェラチオ	003217013
003217013008	パイズリ	003217013
003217013009	顔射	003217013
003217013010	ぶっかけ	003217013
003217013011	手コキ	003217013
003217013012	足コキ	003217013
003217013013	SM	003217013
003217013014	クンニ	003217013
003217013015	イラマチオ	003217013
003217013016	浣腸	003217013
003217013017	ハメ撮り	003217013
003217013018	3P以上	003217013
003217013019	乱交	003217013
003217014	コスチューム	003217
003217014001	コスプレ	003217014
003217014002	制服	003217014
003217014003	セーラー服	003217014
003217014004	水着	003217014
003217014005	スクール水着	003217014
003217014006	メイド	003217014
003217014007	ブルマ	003217014
003217014008	和服・浴衣	003217014
003217014009	ミニスカ	003217014
003217014010	女医	003217014
003217014011	ドレス	003217014
003218	アジア・韓国	003
003218001	映画	003218
003218002	テレビドラマ	003218
003218003	その他	003218
003219	輸入盤	003
004	PCソフト・周辺機器	000
004315	その他	004
004317	PC周辺機器	004
004317003	ハードディスク・ドライブ・メモリ	004317
004317003001	ハードディスク(外付け)	004317003
004317003002	その他	004317003
004317003003	内蔵ハードディスク	004317003
004317003004	DVDドライブ	004317003
004317003005	ポータブルSSD	004317003
004317003006	フラッシュメモリカード	004317003
004317003007	SDカード	004317003
004317007	ケーブル	004317
004317007001	USBケーブル	004317007
004317007002	その他	004317007
004317007003	LANケーブル	004317007
004317007004	オーディオケーブル	004317007
004317012	その他	004317
004318	アダルト	004
004318001	PCゲーム	004318
004318002	周辺機器・グッズ	004318
004318003	その他	004318
004319	PCソフト	004
004319001	ウイルス対策・セキュリティ	004319
004319002	OS	004319
004319002001	Windows	004319002
004319002002	Android	004319002
004319002003	その他	004319002
004319003	ビジネス・オフィス用	004319
004319003001	CAD	004319003
004319003002	OCR	004319003
004319003003	業務会計	004319003
004319003004	顧客管理	004319003
004319003005	データベース	004319003
004319003006	統合ソフト	004319003
004319003007	販売・仕入・在庫管理	004319003
004319003008	表計算・グラフ	004319003
004319003009	プレゼンテーション	004319003
004319003010	ワープロ	004319003
004319003011	その他	004319003
004319004	インターネット・通信	004319
004319004001	FAX	004319004
004319004002	ホームページ作成	004319004
004319004003	その他	004319004
004319005	ユーティリティ	004319
004319005001	CD・DVDライティング	004319005
004319005002	FAX	004319005
004319005003	圧縮・解凍	004319005
004319005004	エミュレータ	004319005
004319005005	システムユーティリティ	004319005
004319005006	ネットワーク管理	004319005
004319005007	ハードディスク管理	004319005
004319005008	メモリ管理	004319005
004319005009	その他	004319005
004319006	開発・プログラミング	004319
004319007	ホームページ制作	004319
004319007001	3DCG	004319007
004319007002	OCR	004319007
004319007003	アニメーション	004319007
004319007004	映像編集	004319007
004319007005	画像管理	004319007
004319007006	フォント	004319007
004319007007	ホームページ作成	004319007
004319007008	素材集・テンプレート	004319007
004319007009	その他	004319007
004319008	生活・実用	004319
004319008001	家計簿・資産運用	004319008
004319008002	健康・医療	004319008
004319008003	住所録・電話帳	004319008
004319008004	地図・乗換案内	004319008
004319008005	ハガキ作成	004319008
004319008006	料理・献立	004319008
004319008007	その他	004319008
004319009	音楽	004319
004319010	学校教育	004319
004319010001	小学校	004319010
004319010002	中学校	004319010
004319010003	高校	004319010
004319010004	語学	004319010
004319010005	タイピング	004319010
004319010006	その他	004319010
004319011	資格・語学	004319
004319011001	法律関係	004319011
004319011002	ビジネス関係	004319011
004319011003	宅建・不動産関係	004319011
004319011004	技術・建築関係	004319011
004319011005	英検・TOEIC	004319011
004319011006	TOEFL	004319011
004319011007	パソコン検定	004319011
004319011008	公務員	004319011
004319011009	その他	004319011
004319012	素材集・テンプレート	004319
004319012001	ハガキ・年賀状	004319012
004319012002	ホームページ	004319012
004319012003	3DCG	004319012
004319012004	画像データ	004319012
004319012005	動画データ	004319012
004319012006	写真・イラスト集	004319012
004319012007	フォント集	004319012
004319012008	その他	004319012
004319013	辞書・辞典・翻訳	004319
004319013001	英和・和英	004319013
004319013002	国語・漢和	004319013
004319013003	百科事典	004319013
004319013004	類語辞典	004319013
004319013005	翻訳	004319013
004319013006	その他	004319013
004319014	PCゲーム	004319
004319014001	RPG	004319014
004319014002	アクション	004319014
004319014003	アドベンチャー	004319014
004319014004	囲碁・将棋・チェス・麻雀	004319014
004319014005	クイズ	004319014
004319014006	シューティング	004319014
004319014007	シミュレーション	004319014
004319014008	スポーツ	004319014
004319014009	パズル	004319014
004319014010	レーシング	004319014
004319014011	タイピング	004319014
004319014012	その他	004319014
004320	Kobo（電子書籍）	004
004320001	Kobo電子書籍リーダー	004320
004320003	Koboアクセサリ	004320
004321	タブレット・ノート	004
004321001	タブレット	004321
004321002	ノート	004321
004321003	タブレット・ノートアクセサリ	004321
004321004	その他	004321
004322	マウス・キーボード	004
004322001	マウス	004322
004322002	キーボード	004322
004322003	テンキーパッド	004322
004322004	ジョイスティック	004322
004322005	その他	004322
004323	ディスプレイ	004
004324	プリンタ・FAX	004
004324001	インクジェットプリンタ	004324
004324002	レーザープリンタ	004324
004324003	複合機	004324
004324004	3Dプリンター	004324
004324005	FAX	004324
004324006	その他	004324
004325	PCサプライ	004
004325001	プリンタ用紙	004325
004325002	ラベルシール	004325
004325003	インク	004325
004325004	トナー	004325
004325005	クリーナー	004325
004325006	電池	004325
004325007	DVD-R	004325
004325008	CD-R	004325
004325009	メディアケース	004325
004325010	その他	004325
004326	ネットワーク通信	004
004326001	ルータ	004326
004326002	LANカード	004326
004326003	HUB	004326
004326004	その他	004326
004327	カメラ	004
004327001	デジタルカメラ	004327
004327002	デジタルビデオカメラ	004327
004327003	カメラオプション	004327
004327004	その他	004327
004328	電子辞書	004
004328001	電子辞書本体	004328
004328002	コンテンツカード	004328
004329	スマートフォン関連	004
004329001	ケース	004329
004329002	液晶保護フィルム	004329
004329003	充電器	004329
004329004	その他	004329
004330	オーディオ機器関連	004
004330001	ヘッドホン・イヤホン	004330
004330002	スピーカー	004330
004330003	その他	004330
004331	家電	004
004332	グッズ	004
005	洋書	000
005401	Art & Entertainment（芸術＆エンターテインメント）	005
005401001	Antiques & Collectibles	005401
005401002	Architecture	005401
005401003	Art	005401
005401004	Crafts & Hobbies	005401
005401005	Drama	005401
005401006	Recorded Music	005401
005401007	Music	005401
005401008	Performing Arts	005401
005401009	Photography	005401
005401010	Non-Classifiable	005401
005402	Fiction & Literature（小説＆文芸）	005
005402001	Biography & Autobiography	005402
005402002	Fiction	005402
005402003	Humor	005402
005402004	Literary Collections	005402
005402005	Literary Criticism	005402
005402006	Poetry	005402
005402007	Non-Classifiable	005402
005403	Business & Self-Culture（ビジネス）	005
005403001	Business & Economics	005403
005403002	Self-Help	005403
005403003	Non-Classifiable	005403
005404	Family life & Comics（生活＆コミック）	005
005404001	Cooking	005404
005404002	Education	005404
005404003	Family & Relationships	005404
005404004	Gardening	005404
005404005	Health & Fitness	005404
005404006	House & Home	005404
005404007	Pets	005404
005404008	Sports & Recreation	005404
005404009	Comics & Graphic Novels	005404
005404010	Games	005404
005404011	Non-Classifiable	005404
005405	Computers & Science（コンピューター＆科学）	005
005405001	Computers	005405
005405002	Mathematics	005405
005405003	Medical	005405
005405004	Nature	005405
005405005	Science	005405
005405006	Technology	005405
005405007	Non-Classifiable	005405
005406	Social Science（社会科学）	005
005406001	History	005406
005406002	Law	005406
005406003	Body, Mind & Spirit	005406
005406004	Philosophy	005406
005406005	Political Science	005406
005406006	Psychology	005406
005406007	Religion	005406
005406008	Social Science	005406
005406009	True Crime	005406
005406010	Language Arts & Disciplines	005406
005406011	Non-Classifiable	005406
005407	Books for kids（児童書）	005
005407001	Juvenile Nonfiction	005407
005407002	Juvenile Fiction	005407
005407003	Non-Classifiable	005407
005408	Reference & Language（辞典＆語学）	005
005408001	Periodicals	005408
005408002	Study Aids	005408
005408003	Reference	005408
005408004	Foreign Language Study	005408
005408005	Non-Classifiable	005408
005409	Travel（旅行）	005
005409001	Transportation	005409
005409002	Travel	005409
005409003	Non-Classifiable	005409
005410	Non-Classifiable（その他）	005
006	ゲーム	000
006501	PS3	006
006501001	本体	006501
006501002	周辺機器	006501
006501003	RPG	006501
006501003001	オーソドックスRPG	006501003
006501003002	アクションRPG	006501003
006501003003	アドベンチャーRPG	006501003
006501003004	シミュレーションRPG	006501003
006501003005	ダンジョンRPG	006501003
006501003006	その他	006501003
006501004	シミュレーション	006501
006501004001	育成シミュレーション	006501004
006501004002	恋愛シミュレーション	006501004
006501004003	歴史・戦略シミュレーション	006501004
006501004005	経営・設計シミュレーション	006501004
006501004006	パチンコシミュレーション	006501004
006501004007	その他	006501004
006501005	格闘・アクション	006501
006501005001	対戦格闘アクション	006501005
006501005002	アクションゲーム	006501005
006501005003	リズムアクション	006501005
006501005004	その他	006501005
006501006	アドベンチャー	006501
006501006001	アドベンチャー	006501006
006501006002	恋愛アドベンチャー	006501006
006501006003	推理アドベンチャー	006501006
006501006004	その他	006501006
006501007	シューティング	006501
006501007001	縦スクロールシューティング	006501007
006501007002	横スクロールシューティング	006501007
006501007003	3Dシューティング	006501007
006501007004	その他	006501007
006501007005	ファーストパーソンシューティング	006501007
006501008	スポーツ・レース	006501
006501008001	レース	006501008
006501008004	野球	006501008
006501008005	サッカー	006501008
006501008006	テニス	006501008
006501008007	ゴルフ	006501008
006501008008	釣り	006501008
006501008009	競馬	006501008
006501008010	バスケットボール	006501008
006501008011	プロレス	006501008
006501008012	その他	006501008
006501009	テーブル・パズル	006501
006501009001	テーブルゲーム	006501009
006501009002	ボードゲーム	006501009
006501009003	カードゲーム	006501009
006501009004	パズルゲーム	006501009
006501009005	麻雀	006501009
006501009006	将棋	006501009
006501009007	囲碁	006501009
006501009008	その他	006501009
006501010	教育・学習	006501
006501010001	学習	006501010
006501010002	トレーニング	006501010
006501010003	タイピング	006501010
006501010004	その他	006501010
006501011	その他	006501
006502	PSP	006
006502001	本体	006502
006502002	周辺機器	006502
006502003	RPG	006502
006502003001	オーソドックスRPG	006502003
006502003002	アクションRPG	006502003
006502003003	アドベンチャーRPG	006502003
006502003004	シミュレーションRPG	006502003
006502003005	ダンジョンRPG	006502003
006502003006	その他	006502003
006502004	シミュレーション	006502
006502004001	育成シミュレーション	006502004
006502004002	恋愛シミュレーション	006502004
006502004003	歴史・戦略シミュレーション	006502004
006502004005	経営・設計シミュレーション	006502004
006502004006	パチンコシミュレーション	006502004
006502004007	その他	006502004
006502005	格闘・アクション	006502
006502005001	対戦格闘アクション	006502005
006502005002	アクションゲーム	006502005
006502005003	リズムアクション	006502005
006502005004	その他	006502005
006502006	アドベンチャー	006502
006502006001	アドベンチャー	006502006
006502006002	恋愛アドベンチャー	006502006
006502006003	推理アドベンチャー	006502006
006502006004	その他	006502006
006502007	シューティング	006502
006502007001	縦スクロールシューティング	006502007
006502007002	横スクロールシューティング	006502007
006502007003	3Dシューティング	006502007
006502007004	その他	006502007
006502007005	ファーストパーソンシューティング	006502007
006502008	スポーツ・レース	006502
006502008001	レース	006502008
006502008004	野球	006502008
006502008005	サッカー	006502008
006502008006	テニス	006502008
006502008007	ゴルフ	006502008
006502008008	釣り	006502008
006502008009	競馬	006502008
006502008010	バスケットボール	006502008
006502008011	プロレス	006502008
006502008012	その他	006502008
006502009	テーブル・パズル	006502
006502009001	テーブルゲーム	006502009
006502009002	ボードゲーム	006502009
006502009003	カードゲーム	006502009
006502009004	パズルゲーム	006502009
006502009005	麻雀	006502009
006502009006	将棋	006502009
006502009007	囲碁	006502009
006502009008	その他	006502009
006502010	教育・学習	006502
006502010001	学習	006502010
006502010002	トレーニング	006502010
006502010004	その他	006502010
006502011	その他	006502
006503	Wii	006
006503001	本体	006503
006503002	周辺機器	006503
006503003	アドベンチャー	006503
006503003001	アドベンチャー	006503003
006503003002	恋愛アドベンチャー	006503003
006503003003	推理アドベンチャー	006503003
006503003004	その他	006503003
006503004	テーブル	006503
006503004001	テーブルゲーム	006503004
006503004002	ボードゲーム	006503004
006503004003	カードゲーム	006503004
006503004004	パズルゲーム	006503004
006503004005	その他	006503004
006503005	格闘・アクション	006503
006503005001	対戦格闘アクション	006503005
006503005002	アクションゲーム	006503005
006503005003	リズムアクション	006503005
006503005004	その他	006503005
006503006	スポーツ・レース	006503
006503006001	レース	006503006
006503006002	野球	006503006
006503006003	サッカー	006503006
006503006004	テニス	006503006
006503006005	ゴルフ	006503006
006503006006	釣り	006503006
006503006007	競馬	006503006
006503006008	フィットネス	006503006
006503006009	その他	006503006
006503007	シミュレーション	006503
006503007001	育成シミュレーション	006503007
006503007002	恋愛シミュレーション	006503007
006503007003	歴史・戦略シミュレーション	006503007
006503007004	経営・設計シミュレーション	006503007
006503007005	パチンコシミュレーション	006503007
006503007006	その他	006503007
006503008	RPG	006503
006503008001	オーソドックスRPG	006503008
006503008002	アクションRPG	006503008
006503008003	アドベンチャーRPG	006503008
006503008004	ダンジョンRPG	006503008
006503008005	その他	006503008
006503008006	シミュレーションRPG	006503008
006503009	教育・学習	006503
006503009001	学習	006503009
006503009002	トレーニング	006503009
006503009003	タイピング	006503009
006503009004	その他	006503009
006503010	その他	006503
006503011	シューティング	006503
006503011001	縦スクロールシューティング	006503011
006503011002	横スクロールシューティング	006503011
006503011003	3Dシューティング	006503011
006503011004	ファーストパーソンシューティング	006503011
006503011005	その他	006503011
006504	ニンテンドーDS	006
006504001	本体	006504
006504002	周辺機器	006504
006504003	アドベンチャー	006504
006504003001	アドベンチャー	006504003
006504003002	恋愛アドベンチャー	006504003
006504003003	推理アドベンチャー	006504003
006504003004	その他	006504003
006504004	テーブル・パズル	006504
006504004001	テーブルゲーム	006504004
006504004002	ボードゲーム	006504004
006504004003	カードゲーム	006504004
006504004004	パズルゲーム	006504004
006504004005	その他	006504004
006504005	格闘・アクション	006504
006504005001	対戦格闘アクション	006504005
006504005002	アクションゲーム	006504005
006504005003	リズムアクション	006504005
006504005004	その他	006504005
006504006	スポーツ・レース	006504
006504006001	レース	006504006
006504006002	野球	006504006
006504006003	サッカー	006504006
006504006004	テニス	006504006
006504006005	ゴルフ	006504006
006504006006	釣り	006504006
006504006007	競馬	006504006
006504006008	フィットネス	006504006
006504006009	その他	006504006
006504007	シミュレーション	006504
006504007001	育成シミュレーション	006504007
006504007002	恋愛シミュレーション	006504007
006504007003	歴史・戦略シミュレーション	006504007
006504007004	経営・設計シミュレーション	006504007
006504007005	パチンコシミュレーション	006504007
006504007006	その他	006504007
006504008	RPG	006504
006504008001	オーソドックスRPG	006504008
006504008002	アクションRPG	006504008
006504008003	アドベンチャーRPG	006504008
006504008004	ダンジョンRPG	006504008
006504008005	その他	006504008
006504008006	シミュレーションRPG	006504008
006504009	教育・学習	006504
006504009001	学習	006504009
006504009002	トレーニング	006504009
006504009003	タイピング	006504009
006504009004	その他	006504009
006504010	その他	006504
006504011	シューティング	006504
006504011001	縦スクロールシューティング	006504011
006504011002	横スクロールシューティング	006504011
006504011003	3Dシューティング	006504011
006504011004	ファーストパーソンシューティング	006504011
006504011005	その他	006504011
006505	その他	006
006506	PS2	006
006506001	本体	006506
006506002	周辺機器	006506
006506003	RPG	006506
006506003001	オーソドックスRPG	006506003
006506003002	アクションRPG	006506003
006506003003	アドベンチャーRPG	006506003
006506003004	シミュレーションRPG	006506003
006506003005	ダンジョンRPG	006506003
006506003006	その他	006506003
006506004	シミュレーション	006506
006506004001	育成シミュレーション	006506004
006506004002	恋愛シミュレーション	006506004
006506004003	歴史・戦略シミュレーション	006506004
006506004005	経営・設計シミュレーション	006506004
006506004006	パチンコシミュレーション	006506004
006506004007	その他	006506004
006506005	格闘・アクション	006506
006506005001	対戦格闘アクション	006506005
006506005002	アクションゲーム	006506005
006506005003	リズムアクション	006506005
006506005004	その他	006506005
006506006	アドベンチャー	006506
006506006001	アドベンチャー	006506006
006506006002	恋愛アドベンチャー	006506006
006506006003	推理アドベンチャー	006506006
006506006004	その他	006506006
006506007	シューティング	006506
006506007001	縦スクロールシューティング	006506007
006506007002	横スクロールシューティング	006506007
006506007003	3Dシューティング	006506007
006506007004	その他	006506007
006506008	スポーツ・レース	006506
006506008001	レース	006506008
006506008004	野球	006506008
006506008005	サッカー	006506008
006506008006	テニス	006506008
006506008007	ゴルフ	006506008
006506008008	釣り	006506008
006506008009	競馬	006506008
006506008010	バスケットボール	006506008
006506008011	プロレス	006506008
006506008012	その他	006506008
006506009	テーブル・パズル	006506
006506009001	テーブルゲーム	006506009
006506009002	ボードゲーム	006506009
006506009003	カードゲーム	006506009
006506009004	パズルゲーム	006506009
006506009005	麻雀	006506009
006506009006	将棋	006506009
006506009007	囲碁	006506009
006506009008	その他	006506009
006506010	教育・学習	006506
006506010001	学習	006506010
006506010002	トレーニング	006506010
006506010004	その他	006506010
006506011	その他	006506
006507	Xbox 360	006
006507001	本体	006507
006507002	周辺機器	006507
006507003	アドベンチャー	006507
006507003001	アドベンチャー	006507003
006507003002	恋愛アドベンチャー	006507003
006507003003	推理アドベンチャー	006507003
006507003004	その他	006507003
006507004	テーブル・パズル	006507
006507004001	テーブルゲーム	006507004
006507004002	ボードゲーム	006507004
006507004003	パズルゲーム	006507004
006507004004	その他	006507004
006507005	格闘・アクション	006507
006507005001	対戦格闘アクション	006507005
006507005002	アクションゲーム	006507005
006507005003	リズムアクション	006507005
006507005004	その他	006507005
006507006	スポーツ・レース	006507
006507006001	レース	006507006
006507006002	野球	006507006
006507006003	サッカー	006507006
006507006004	テニス	006507006
006507006005	競馬	006507006
006507006006	フィットネス	006507006
006507006007	その他	006507006
006507007	シミュレーション	006507
006507007001	育成シミュレーション	006507007
006507007002	恋愛シミュレーション	006507007
006507007003	歴史・戦略シミュレーション	006507007
006507007004	経営・設計シミュレーション	006507007
006507007005	その他	006507007
006507008	RPG	006507
006507008001	オーソドックスRPG	006507008
006507008002	アクションRPG	006507008
006507008003	アドベンチャーRPG	006507008
006507008004	ダンジョンRPG	006507008
006507008005	その他	006507008
006507008006	シミュレーションRPG	006507008
006507009	教育・学習	006507
006507009001	学習	006507009
006507009002	トレーニング	006507009
006507009003	その他	006507009
006507010	その他	006507
006507011	シューティング	006507
006507011001	縦スクロールシューティング	006507011
006507011002	横スクロールシューティング	006507011
006507011003	3Dシューティング	006507011
006507011004	ファーストパーソンシューティング	006507011
006507011005	その他	006507011
006508	ニンテンドー3DS	006
006508001	本体	006508
006508002	周辺機器	006508
006508003	アドベンチャー	006508
006508003001	アドベンチャー	006508003
006508003002	恋愛アドベンチャー	006508003
006508003003	推理アドベンチャー	006508003
006508003004	その他	006508003
006508004	テーブル・パズル	006508
006508004001	テーブルゲーム	006508004
006508004002	ボードゲーム	006508004
006508004003	カードゲーム	006508004
006508004004	パズルゲーム	006508004
006508004005	その他	006508004
006508005	格闘・アクション	006508
006508005001	対戦格闘アクション	006508005
006508005002	アクションゲーム	006508005
006508005003	リズムアクション	006508005
006508005004	その他	006508005
006508006	スポーツ・レース	006508
006508006001	レース	006508006
006508006002	野球	006508006
006508006003	サッカー	006508006
006508006004	テニス	006508006
006508006005	ゴルフ	006508006
006508006006	釣り	006508006
006508006007	競馬	006508006
006508006008	フィットネス	006508006
006508006009	その他	006508006
006508007	シミュレーション	006508
006508007001	育成シミュレーション	006508007
006508007002	恋愛シミュレーション	006508007
006508007003	歴史・戦略シミュレーション	006508007
006508007004	スポーツシミュレーション	006508007
006508007005	経営・設計シミュレーション	006508007
006508007006	パチンコシミュレーション	006508007
006508007007	その他	006508007
006508008	RPG	006508
006508008001	オーソドックスRPG	006508008
006508008002	アクションRPG	006508008
006508008003	アドベンチャーRPG	006508008
006508008004	シミュレーションRPG	006508008
006508008005	ダンジョンRPG	006508008
006508008006	その他	006508008
006508009	教育・学習	006508
006508009001	学習	006508009
006508009002	トレーニング	006508009
006508009003	タイピング	006508009
006508009004	その他	006508009
006508010	その他	006508
006508011	シューティング	006508
006508011001	縦スクロールシューティング	006508011
006508011002	横スクロールシューティング	006508011
006508011003	3Dシューティング	006508011
006508011004	ファーストパーソンシューティング	006508011
006508011005	その他	006508011
006509	PS Vita	006
006509001	本体	006509
006509002	周辺機器	006509
006509003	RPG	006509
006509003001	オーソドックスRPG	006509003
006509003002	アクションRPG	006509003
006509003003	アドベンチャーRPG	006509003
006509003004	ダンジョンRPG	006509003
006509003005	その他	006509003
006509003006	シミュレーションRPG	006509003
006509004	シミュレーション	006509
006509004001	育成シミュレーション	006509004
006509004002	恋愛シミュレーション	006509004
006509004003	歴史・戦略シミュレーション	006509004
006509004004	経営・設計シミュレーション	006509004
006509004005	パチンコシミュレーション	006509004
006509004006	その他	006509004
006509005	格闘・アクション	006509
006509005001	対戦格闘アクション	006509005
006509005002	アクションゲーム	006509005
006509005003	リズムアクション	006509005
006509005004	その他	006509005
006509006	アドベンチャー	006509
006509006001	アドベンチャー	006509006
006509006002	恋愛アドベンチャー	006509006
006509006003	推理アドベンチャー	006509006
006509006004	その他	006509006
006509007	シューティング	006509
006509007001	縦スクロールシューティング	006509007
006509007002	横スクロールシューティング	006509007
006509007003	3Dシューティング	006509007
006509007004	ファーストパーソンシューティング	006509007
006509007005	その他	006509007
006509008	スポーツ・レース	006509
006509008001	レース	006509008
006509008002	野球	006509008
006509008003	サッカー	006509008
006509008004	テニス	006509008
006509008005	ゴルフ	006509008
006509008006	釣り	006509008
006509008007	競馬	006509008
006509008008	プロレス	006509008
006509008009	その他	006509008
006509009	テーブル・パズル	006509
006509009001	テーブルゲーム	006509009
006509009002	ボードゲーム	006509009
006509009003	カードゲーム	006509009
006509009004	パズルゲーム	006509009
006509009005	麻雀	006509009
006509009006	将棋	006509009
006509009007	囲碁	006509009
006509009008	その他	006509009
006509010	教育・学習	006509
006509010001	学習	006509010
006509010002	トレーニング	006509010
006509010003	タイピング	006509010
006509010004	その他	006509010
006509011	その他	006509
006510	おもちゃ	006
006510001	赤ちゃん・知育玩具	006510
006510001001	知育玩具	006510001
006510001002	布のおもちゃ	006510001
006510001003	木のおもちゃ	006510001
006510001004	積み木	006510001
006510001005	ブロック・レゴ	006510001
006510001006	砂遊び	006510001
006510001007	水遊び	006510001
006510001008	ジム・メリー	006510001
006510001009	乗用玩具	006510001
006510001010	すべり台・ジャングルジム	006510001
006510001011	その他	006510001
006510001012	おえかき	006510001
006510001013	ねんど	006510001
006510001014	バストイ	006510001
006510001015	もじ・ことば	006510001
006510001016	ちず	006510001
006510001017	ベビートイ	006510001
006510002	男の子向け	006510
006510002001	電車・プラレール	006510002
006510002002	ミニカー・トミカ	006510002
006510002003	ラジコン	006510002
006510002004	変身・なりきりグッズ	006510002
006510002005	超合金・ロボット	006510002
006510002006	ブロック・レゴ	006510002
006510002007	トレーディングカードゲーム	006510002
006510002008	スポーツ玩具	006510002
006510002009	その他	006510002
006510003	女の子向け	006510
006510003001	きせかえ人形・ハウス	006510003
006510003002	ぬいぐるみ	006510003
006510003003	ままごと・ごっこ遊び	006510003
006510003004	コスメ・アクセサリー	006510003
006510003005	クッキングトイ	006510003
006510003006	その他	006510003
006510003007	変身・なりきりグッズ	006510003
006510003008	メイキングトイ	006510003
006510004	ホビー	006510
006510004001	アニメ・萌えグッズ	006510004
006510004002	フィギュア・ドール	006510004
006510004003	コスプレ	006510004
006510004004	エアガン・モデルガン	006510004
006510004005	鉄道模型	006510004
006510004006	プラモデル	006510004
006510004007	その他	006510004
006510004008	トレーディングカード	006510004
006510005	その他	006510
006510006	ファミリー向け	006510
006510006001	ボードゲーム	006510006
006510006002	知恵の輪	006510006
006510006003	手品・マジック	006510006
006510006004	楽器玩具	006510006
006510006005	科学・教育	006510006
006510006006	電子玩具・電子ペット	006510006
006510006007	パーティー用品・ビンゴ	006510006
006510006008	その他	006510006
006510006009	カードゲーム・トランプ	006510006
006510006010	チェス・オセロ・囲碁・将棋	006510006
006510006011	ドミノ	006510006
006510006012	スポーツゲーム	006510006
006510006013	アクションゲーム	006510006
006510006014	バランスゲーム	006510006
006510006015	ジグソーパズル	006510006
006510006016	フレーム	006510006
006510006017	立体パズル	006510006
006510007	雑貨	006510
006510007001	キャラクターグッズ	006510007
006510007002	その他	006510007
006511	Wii U	006
006511001	本体	006511
006511002	周辺機器	006511
006511003	アドベンチャー	006511
006511003001	アドベンチャー	006511003
006511003002	恋愛アドベンチャー	006511003
006511003003	推理アドベンチャー	006511003
006511003004	その他	006511003
006511004	テーブル・パズル	006511
006511004001	テーブルゲーム	006511004
006511004002	ボードゲーム	006511004
006511004003	カードゲーム	006511004
006511004004	パズルゲーム	006511004
006511004005	その他	006511004
006511005	格闘・アクション	006511
006511005001	対戦格闘アクション	006511005
006511005002	アクションゲーム	006511005
006511005003	リズムアクション	006511005
006511005004	その他	006511005
006511006	スポーツ・レース	006511
006511006001	レース	006511006
006511006002	野球	006511006
006511006003	サッカー	006511006
006511006004	テニス	006511006
006511006005	ゴルフ	006511006
006511006006	釣り	006511006
006511006007	競馬	006511006
006511006008	フィットネス	006511006
006511006009	その他	006511006
006511007	シミュレーション	006511
006511007001	育成シミュレーション	006511007
006511007002	恋愛シミュレーション	006511007
006511007003	歴史・戦略シミュレーション	006511007
006511007004	経営・設計シミュレーション	006511007
006511007005	パチンコシミュレーション	006511007
006511007007	その他	006511007
006511008	RPG	006511
006511008001	オーソドックスRPG	006511008
006511008002	アクションRPG	006511008
006511008003	アドベンチャーRPG	006511008
006511008004	ダンジョンRPG	006511008
006511008005	恋愛RPG	006511008
006511008006	その他	006511008
006511009	教育・学習	006511
006511009001	学習	006511009
006511009002	トレーニング	006511009
006511009003	タイピング	006511009
006511009004	その他	006511009
006511010	シューティング	006511
006511010001	縦スクロールシューティング	006511010
006511010002	横スクロールシューティング	006511010
006511010003	3Dシューティング	006511010
006511010004	ファーストパーソンシューティング	006511010
006511010005	その他	006511010
006511011	その他	006511
006512	Xbox One	006
006512001	本体	006512
006512002	周辺機器	006512
006512003	RPG	006512
006512003001	オーソドックスRPG	006512003
006512003002	アクションRPG	006512003
006512003003	アドベンチャーRPG	006512003
006512003004	シミュレーションRPG	006512003
006512003005	ダンジョンRPG	006512003
006512003006	その他	006512003
006512004	シミュレーション	006512
006512004001	育成シミュレーション	006512004
006512004002	恋愛シミュレーション	006512004
006512004003	歴史・戦略シミュレーション	006512004
006512004005	経営・設計シミュレーション	006512004
006512004006	パチンコシミュレーション	006512004
006512004007	その他	006512004
006512005	格闘・アクション	006512
006512005001	対戦格闘アクション	006512005
006512005002	アクションゲーム	006512005
006512005003	リズムアクション	006512005
006512005004	その他	006512005
006512006	アドベンチャー	006512
006512006001	アドベンチャー	006512006
006512006002	恋愛アドベンチャー	006512006
006512006003	推理アドベンチャー	006512006
006512006004	その他	006512006
006512007	シューティング	006512
006512007001	縦スクロールシューティング	006512007
006512007002	横スクロールシューティング	006512007
006512007003	3Dシューティング	006512007
006512007004	ファーストパーソンシューティング	006512007
006512007005	その他	006512007
006512008	スポーツ・レース	006512
006512008001	レース	006512008
006512008002	野球	006512008
006512008003	サッカー	006512008
006512008004	テニス	006512008
006512008005	ゴルフ	006512008
006512008006	釣り	006512008
006512008007	競馬	006512008
006512008008	バスケットボール	006512008
006512008009	プロレス	006512008
006512008010	その他	006512008
006512009	テーブル・パズル	006512
006512009001	テーブルゲーム	006512009
006512009002	ボードゲーム	006512009
006512009003	カードゲーム	006512009
006512009004	パズルゲーム	006512009
006512009005	麻雀	006512009
006512009006	将棋	006512009
006512009007	囲碁	006512009
006512009008	その他	006512009
006512010	教育・学習	006512
006512010001	学習	006512010
006512010002	トレーニング	006512010
006512010003	タイピング	006512010
006512010004	その他	006512010
006512011	その他	006512
006513	PS4	006
006513001	本体	006513
006513002	周辺機器	006513
006513003	RPG	006513
006513003001	オーソドックスRPG	006513003
006513003002	アクションRPG	006513003
006513003003	アドベンチャーRPG	006513003
006513003004	シミュレーションRPG	006513003
006513003005	ダンジョンRPG	006513003
006513003006	その他	006513003
006513004	シミュレーション	006513
006513004001	育成シミュレーション	006513004
006513004002	恋愛シミュレーション	006513004
006513004003	歴史・戦略シミュレーション	006513004
006513004005	経営・設計シミュレーション	006513004
006513004006	パチンコシミュレーション	006513004
006513004007	その他	006513004
006513005	格闘・アクション	006513
006513005001	対戦格闘アクション	006513005
006513005002	アクションゲーム	006513005
006513005003	リズムアクション	006513005
006513005004	その他	006513005
006513006	アドベンチャー	006513
006513006001	アドベンチャー	006513006
006513006002	恋愛アドベンチャー	006513006
006513006003	推理アドベンチャー	006513006
006513006004	その他	006513006
006513007	シューティング	006513
006513007001	縦スクロールシューティング	006513007
006513007002	横スクロールシューティング	006513007
006513007003	3Dシューティング	006513007
006513007004	ファーストパーソンシューティング	006513007
006513007005	その他	006513007
006513008	スポーツ・レース	006513
006513008001	レース	006513008
006513008002	野球	006513008
006513008003	サッカー	006513008
006513008004	テニス	006513008
006513008005	ゴルフ	006513008
006513008006	釣り	006513008
006513008007	競馬	006513008
006513008008	バスケットボール	006513008
006513008009	プロレス	006513008
006513008010	その他	006513008
006513009	テーブル・パズル	006513
006513009001	テーブルゲーム	006513009
006513009002	ボードゲーム	006513009
006513009003	カードゲーム	006513009
006513009004	パズルゲーム	006513009
006513009005	麻雀	006513009
006513009006	将棋	006513009
006513009007	囲碁	006513009
006513009008	その他	006513009
006513010	教育・学習	006513
006513010001	学習	006513010
006513010002	トレーニング	006513010
006513010003	タイピング	006513010
006513010004	その他	006513010
006513011	その他	006513
006514	Nintendo Switch	006
006514001	本体	006514
006514002	周辺機器	006514
006514003	RPG	006514
006514003001	オーソドックスRPG	006514003
006514003002	アクションRPG	006514003
006514003003	アドベンチャーRPG	006514003
006514003004	シミュレーションRPG	006514003
006514003005	ダンジョンRPG	006514003
006514003006	その他	006514003
006514004	シミュレーション	006514
006514004001	育成シミュレーション	006514004
006514004002	恋愛シミュレーション	006514004
006514004003	歴史・戦略シミュレーション	006514004
006514004005	経営・設計シミュレーション	006514004
006514004006	パチンコシミュレーション	006514004
006514004007	その他	006514004
006514005	格闘・アクション	006514
006514005001	対戦格闘アクション	006514005
006514005002	アクションゲーム	006514005
006514005003	リズムアクション	006514005
006514005004	その他	006514005
006514006	アドベンチャー	006514
006514006001	アドベンチャー	006514006
006514006002	恋愛アドベンチャー	006514006
006514006003	推理アドベンチャー	006514006
006514006004	その他	006514006
006514007	シューティング	006514
006514007001	縦スクロールシューティング	006514007
006514007002	横スクロールシューティング	006514007
006514007003	3Dシューティング	006514007
006514007004	ファーストパーソンシューティング	006514007
006514007005	その他	006514007
006514008	スポーツ・レース	006514
006514008001	レース	006514008
006514008002	野球	006514008
006514008003	サッカー	006514008
006514008004	テニス	006514008
006514008005	ゴルフ	006514008
006514008006	釣り	006514008
006514008007	競馬	006514008
006514008008	バスケットボール	006514008
006514008009	プロレス	006514008
006514008010	その他	006514008
006514009	テーブル・パズル	006514
006514009001	テーブルゲーム	006514009
006514009002	ボードゲーム	006514009
006514009003	カードゲーム	006514009
006514009004	パズルゲーム	006514009
006514009005	麻雀	006514009
006514009006	将棋	006514009
006514009007	囲碁	006514009
006514009008	その他	006514009
006514010	教育・学習	006514
006514010001	学習	006514010
006514010002	トレーニング	006514010
006514010003	タイピング	006514010
006514010004	その他	006514010
006514011	その他	006514
007	雑誌	000
007601	総合誌	007
007601001	週刊総合誌	007601
007601002	総合誌	007601
007601004	その他	007601
007602	文芸	007
007602001	小説誌	007602
007602002	文芸誌	007602
007602004	詩歌・俳句	007602
007603	専門誌	007
007603001	自然科学	007603
007603002	工学	007603
007603003	医学・看護	007603
007603004	法律・社会	007603
007603005	歴史・地理	007603
007603006	教育語学	007603
007603007	美術・デザイン	007603
007603008	思想・宗教	007603
007603009	教育	007603
007603010	経済	007603
007603011	その他	007603
007603012	建築	007603
007604	ビジネス・投資	007
007604001	ビジネス	007604
007604002	マネー	007604
007604003	社会・時局	007604
007604004	商業	007604
007604005	その他	007604
007605	コンピューター誌	007
007605001	総合誌	007605
007605002	WIN・DOS/V	007605
007605003	MAC	007605
007605004	通信・インターネット	007605
007605006	CG・グラフィック	007605
007605007	プログラミング	007605
007605008	エンタメ	007605
007605009	その他	007605
007606	女性誌	007
007606003	女性ファッション	007606
007606004	ストリートファッション	007606
007606005	美容	007606
007606006	情報誌	007606
007606008	その他	007606
007607	男性誌	007
007607001	ヤング	007607
007607002	グルメ・趣味	007607
007607003	男性ファッション	007607
007607004	モノ情報誌	007607
007607005	その他	007607
007608	生活・健康	007
007608001	総合	007608
007608003	健康・家庭医学	007608
007608004	住宅	007608
007608005	インテリア	007608
007608006	ライフスタイル	007608
007608007	その他	007608
007609	情報誌	007
007609001	タウン情報	007609
007609002	就職・求人情報	007609
007609004	住宅情報	007609
007609005	その他	007609
007610	結婚・出産・子育て	007
007610001	結婚	007610
007610002	出産	007610
007610003	育児	007610
007610004	その他	007610
007611	旅行・アウトドア	007
007611001	旅行誌	007611
007611002	時刻表	007611
007611004	タウン情報	007611
007611005	エリア別	007611
007611006	目的別	007611
007611007	海外	007611
007611008	アウトドア	007611
007611009	登山・ハイキング	007611
007611010	その他	007611
007612	料理・グルメ情報	007
007612001	料理全般	007612
007612002	グルメ情報	007612
007612004	おかず	007612
007612005	パン・ケーキ・お菓子	007612
007612006	酒	007612
007612007	その他	007612
007613	手芸・編物	007
007613001	服飾	007613
007613002	手芸	007613
007613003	編物	007613
007613004	パッチワーク	007613
007613005	その他	007613
007614	スポーツ誌	007
007614001	総合	007614
007614002	ゴルフ	007614
007614003	フィールド競技	007614
007614004	マリンスポーツ	007614
007614005	格闘技	007614
007614006	屋内スポーツ	007614
007614007	ウインタースポーツ	007614
007614008	フィットネス	007614
007614009	野球	007614
007614010	サッカー	007614
007614011	テニス	007614
007614012	ダンス	007614
007614013	その他	007614
007615	テキスト	007
007615001	語学テキスト	007615
007615002	語学カセット・ＣＤ	007615
007615003	テレビ趣味講座	007615
007615004	テレビ教育講座	007615
007615005	語学一般	007615
007615006	進学誌	007615
007615007	その他	007615
007616	幼児・児童・絵本	007
007616001	幼児	007616
007616004	絵本	007616
007616005	その他	007616
007616006	児童	007616
007617	音楽・芸能	007
007617001	音楽	007617
007617002	アイドル	007617
007617003	芸能・映画	007617
007617004	テレビ情報	007617
007617007	大衆・娯楽	007617
007617008	その他	007617
007618	コミック・アニメ	007
007618001	青年	007618
007618002	4コマ	007618
007618003	少年	007618
007618007	少女	007618
007618008	レディース	007618
007618009	アニメ	007618
007618010	声優	007618
007618011	その他	007618
007619	ゲーム	007
007619001	ソフトデータ誌	007619
007619002	攻略誌	007619
007619003	アーケード	007619
007619004	その他	007619
007620	車・バイク	007
007620001	バイク	007620
007620002	車総合	007620
007620003	中古車情報	007620
007620004	外車情報	007620
007620005	モータースポーツ	007620
007620006	4WD・RV	007620
007620007	チューニング・ドレスアップ	007620
007620008	その他	007620
007621	趣味	007
007621001	カメラ・ビデオ	007621
007621002	園芸	007621
007621003	書道・茶道・華道	007621
007621004	フラワーアレンジメント	007621
007621005	パズルゲーム・クイズ	007621
007621006	ペット・動物	007621
007621007	パチンコ・パチスロ	007621
007621008	ギャンブル	007621
007621009	ホビー・サイエンス	007621
007621010	アウトドア	007621
007621011	釣り	007621
007621012	くじ・懸賞	007621
007621013	競馬	007621
007621014	ミリタリー	007621
007621015	ラジコン・無線	007621
007621016	鉄道	007621
007621017	オーディオ・ビジュアル	007621
007621018	囲碁・将棋	007621
007621019	その他	007621
007623	その他	007
007624	アダルト	007
007624001	実話・風俗誌	007624
007624002	アダルトコミック誌	007624
007624003	アダルト写真誌	007624
007624004	その他アダルト誌	007624
007624005	アダルトゲーム情報	007624
007624006	アダルトビデオ・DVD情報	007624
007624007	アダルト読み物	007624
007624008	女性向け	007624
007624009	ゲイ	007624
007624010	マニア物	007624
007625	ティーンズ	007
007626	付録付き雑誌	007
007626001	女性誌	007626
007626002	男性誌	007626
007626003	モノ情報誌 	007626
007626004	その他	007626
007627	資格・求人・キャリア	007
007628	携帯電話・スマートフォン・アプリ	007
007629	ボーイズラブ（BL）	007
